{
	"type": "guardvillagers:slot",
	"pools": [
	{
		"rolls": 1,
		"entries": [
        {
			 "type": "minecraft:empty"
        },
        {
			 "type": "minecraft:item",
			 "name": "minecraft:leather_helmet",
			 "functions": [
			   {
			     "function": "minecraft:enchant_with_levels",
			     "levels": {
			       "min": 15,
			       "max": 30
			     },
			     "conditions": [
			       {
						"condition": "minecraft:random_chance",
						"chance": 0.2
			       }
			     ]
			   }
			 ],
			 "conditions": [
			   {
			     "condition": "minecraft:random_chance",
			     "chance": 0.48
			   }
			 ]
        },
        {
			 "type": "minecraft:item",
			 "name": "minecraft:golden_helmet",
			 "functions": [
			   {
			     "function": "minecraft:enchant_with_levels",
			     "levels": {
			       "min": 15,
			       "max": 30
			     },
			     "conditions": [
			       {
						"condition": "minecraft:random_chance",
						"chance": 0.2
			       }
			     ]
			   }
			 ],
			 "conditions": [
			   {
			     "condition": "minecraft:random_chance",
			     "chance": 0.36
			   }
			 ]
        },
        {
			 "type": "minecraft:item",
			 "name": "minecraft:chainmail_helmet",
			 "functions": [
			   {
			     "function": "minecraft:enchant_with_levels",
			     "levels": {
			       "min": 15,
			       "max": 30
			     },
			     "conditions": [
			       {
						"condition": "minecraft:random_chance",
						"chance": 0.2
			       }
			     ]
			   }
			 ],
			 "conditions": [
			   {
			     "condition": "minecraft:random_chance",
			     "chance": 0.3
			   }
			 ]
        },
        {
			 "type": "minecraft:item",
			 "name": "minecraft:iron_helmet",
			 "functions": [
			   {
			     "function": "minecraft:enchant_with_levels",
			     "levels": {
			       "min": 15,
			       "max": 30
			     },
			     "conditions": [
			       {
						"condition": "minecraft:random_chance",
						"chance": 0.2
			       }
			     ]
			   }
			 ],
			 "conditions": [
			   {
			     "condition": "minecraft:random_chance",
			     "chance": 0.2
			   }
			 ]
        },
        {
			 "type": "minecraft:item",
			 "name": "minecraft:diamond_helmet",
			 "conditions": [
			   {
			     "condition": "minecraft:random_chance",
			     "chance": 0.05
			   }
			 ]
        },
		{
			"type": "minecraft:item",
			"name": "magistuarmory:armet",
			"functions": [
			{
				"function": "minecraft:enchant_with_levels",
				"levels": {
					"min": 15,
					"max": 30
				},
			"conditions": [
				{
					"condition": "minecraft:random_chance",
					"chance": 0.2
				}
				]
			}
			],
			"conditions": [
			{
				"condition": "minecraft:random_chance",
				"chance": 0.2
			}
			]
		},
		{
			"type": "minecraft:item",
			"name": "magistuarmory:stechhelm",
			"functions": [
			{
				"function": "minecraft:enchant_with_levels",
				"levels": {
					"min": 15,
					"max": 30
				},
			"conditions": [
				{
					"condition": "minecraft:random_chance",
					"chance": 0.2
				}
				]
			}
			],
			"conditions": [
			{
				"condition": "minecraft:random_chance",
				"chance": 0.2
			}
			]
		},
		{
			"type": "minecraft:item",
			"name": "magistuarmory:sallet",
			"functions": [
			{
				"function": "minecraft:enchant_with_levels",
				"levels": {
					"min": 15,
					"max": 30
				},
			"conditions": [
				{
					"condition": "minecraft:random_chance",
					"chance": 0.2
				}
				]
			}
			],
			"conditions": [
			{
				"condition": "minecraft:random_chance",
				"chance": 0.2
			}
			]
		},
		{
			"type": "minecraft:item",
			"name": "magistuarmory:maximilian_helmet",
			"functions": [
			{
				"function": "minecraft:enchant_with_levels",
				"levels": {
					"min": 15,
					"max": 30
				},
			"conditions": [
				{
					"condition": "minecraft:random_chance",
					"chance": 0.2
				}
				]
			}
			],
			"conditions": [
			{
				"condition": "minecraft:random_chance",
				"chance": 0.2
			}
			]
		},
		{
			"type": "minecraft:item",
			"name": "magistuarmory:chainmail_helmet",
			"functions": [
			{
				"function": "minecraft:enchant_with_levels",
				"levels": {
					"min": 15,
					"max": 30
				},
			"conditions": [
				{
					"condition": "minecraft:random_chance",
					"chance": 0.2
				}
				]
			}
			],
			"conditions": [
			{
				"condition": "minecraft:random_chance",
				"chance": 0.2
			}
			]
		},
		{
			"type": "minecraft:item",
			"name": "magistuarmory:kettlehat",
			"functions": [
			{
				"function": "minecraft:enchant_with_levels",
				"levels": {
					"min": 15,
					"max": 30
				},
			"conditions": [
				{
					"condition": "minecraft:random_chance",
					"chance": 0.2
				}
				]
			}
			],
			"conditions": [
			{
				"condition": "minecraft:random_chance",
				"chance": 0.2
			}
			]
		},
		{
			"type": "minecraft:item",
			"name": "magistuarmory:barbute",
			"functions": [
			{
				"function": "minecraft:enchant_with_levels",
				"levels": {
					"min": 15,
					"max": 30
				},
			"conditions": [
				{
					"condition": "minecraft:random_chance",
					"chance": 0.2
				}
				]
			}
			],
			"conditions": [
			{
				"condition": "minecraft:random_chance",
				"chance": 0.2
			}
			]
		},
		{
			"type": "minecraft:item",
			"name": "magistuarmory:greathelm",
			"functions": [
			{
				"function": "minecraft:enchant_with_levels",
				"levels": {
					"min": 15,
					"max": 30
				},
			"conditions": [
				{
					"condition": "minecraft:random_chance",
					"chance": 0.2
				}
				]
			}
			],
			"conditions": [
			{
				"condition": "minecraft:random_chance",
				"chance": 0.2
			}
			]
		},
		{
			"type": "minecraft:item",
			"name": "magistuarmory:ceremonialarmet",
			"functions": [
			{
				"function": "minecraft:enchant_with_levels",
				"levels": {
					"min": 15,
					"max": 30
				},
			"conditions": [
				{
					"condition": "minecraft:random_chance",
					"chance": 0.2
				}
				]
			}
			],
			"conditions": [
			{
				"condition": "minecraft:random_chance",
				"chance": 0.2
			}
			]
		},
		{
			"type": "minecraft:item",
			"name": "magistuarmory:coif",
			"functions": [
			{
				"function": "minecraft:enchant_with_levels",
				"levels": {
					"min": 15,
					"max": 30
				},
			"conditions": [
				{
					"condition": "minecraft:random_chance",
					"chance": 0.2
				}
				]
			}
			],
			"conditions": [
			{
				"condition": "minecraft:random_chance",
				"chance": 0.2
			}
			]
		},
		{
			"type": "minecraft:item",
			"name": "magistuarmory:rustedbarbute",
			"functions": [
			{
				"function": "minecraft:enchant_with_levels",
				"levels": {
					"min": 15,
					"max": 30
				},
			"conditions": [
				{
					"condition": "minecraft:random_chance",
					"chance": 0.2
				}
				]
			}
			],
			"conditions": [
			{
				"condition": "minecraft:random_chance",
				"chance": 0.2
			}
			]
		},
		{
			"type": "minecraft:item",
			"name": "magistuarmory:rustednorman_helmet",
			"functions": [
			{
				"function": "minecraft:enchant_with_levels",
				"levels": {
					"min": 15,
					"max": 30
				},
			"conditions": [
				{
					"condition": "minecraft:random_chance",
					"chance": 0.2
				}
				]
			}
			],
			"conditions": [
			{
				"condition": "minecraft:random_chance",
				"chance": 0.2
			}
			]
		},
		{
			"type": "minecraft:item",
			"name": "magistuarmory:rustedkettlehat",
			"functions": [
			{
				"function": "minecraft:enchant_with_levels",
				"levels": {
					"min": 15,
					"max": 30
				},
			"conditions": [
				{
					"condition": "minecraft:random_chance",
					"chance": 0.2
				}
				]
			}
			],
			"conditions": [
			{
				"condition": "minecraft:random_chance",
				"chance": 0.2
			}
			]
		},
		{
			"type": "minecraft:item",
			"name": "magistuarmory:rustedgreathelm",
			"functions": [
			{
				"function": "minecraft:enchant_with_levels",
				"levels": {
					"min": 15,
					"max": 30
				},
			"conditions": [
				{
					"condition": "minecraft:random_chance",
					"chance": 0.2
				}
				]
			}
			],
			"conditions": [
			{
				"condition": "minecraft:random_chance",
				"chance": 0.2
			}
			]
		},
		{
			"type": "minecraft:item",
			"name": "magistuarmory:rustedchainmail_helmet",
			"functions": [
			{
				"function": "minecraft:enchant_with_levels",
				"levels": {
					"min": 15,
					"max": 30
				},
			"conditions": [
				{
					"condition": "minecraft:random_chance",
					"chance": 0.2
				}
				]
			}
			],
			"conditions": [
			{
				"condition": "minecraft:random_chance",
				"chance": 0.2
			}
			]
		},
		{
			"type": "minecraft:item",
			"name": "magistuarmory:shishak",
			"functions": [
			{
				"function": "minecraft:enchant_with_levels",
				"levels": {
					"min": 15,
					"max": 30
				},
			"conditions": [
				{
					"condition": "minecraft:random_chance",
					"chance": 0.2
				}
				]
			}
			],
			"conditions": [
			{
				"condition": "minecraft:random_chance",
				"chance": 0.2
			}
			]
		},
		{
			"type": "minecraft:item",
			"name": "magistuarmory:norman_helmet",
			"functions": [
			{
				"function": "minecraft:enchant_with_levels",
				"levels": {
					"min": 15,
					"max": 30
				},
			"conditions": [
				{
					"condition": "minecraft:random_chance",
					"chance": 0.2
				}
				]
			}
			],
			"conditions": [
			{
				"condition": "minecraft:random_chance",
				"chance": 0.2
			}
			]
		},
		{
			"type": "minecraft:item",
			"name": "magistuarmory:bascinet",
			"functions": [
			{
				"function": "minecraft:enchant_with_levels",
				"levels": {
					"min": 15,
					"max": 30
				},
			"conditions": [
				{
					"condition": "minecraft:random_chance",
					"chance": 0.2
				}
				]
			}
			],
			"conditions": [
			{
				"condition": "minecraft:random_chance",
				"chance": 0.2
			}
			]
		},
		{
			"type": "minecraft:item",
			"name": "magistuarmory:cuirassier_helmet",
			"functions": [
			{
				"function": "minecraft:enchant_with_levels",
				"levels": {
					"min": 15,
					"max": 30
				},
			"conditions": [
				{
					"condition": "minecraft:random_chance",
					"chance": 0.2
				}
				]
			}
			],
			"conditions": [
			{
				"condition": "minecraft:random_chance",
				"chance": 0.2
			}
			]
		},
		{
			"type": "minecraft:item",
			"name": "magistuarmory:grand_bascinet",
			"functions": [
			{
				"function": "minecraft:enchant_with_levels",
				"levels": {
					"min": 15,
					"max": 30
				},
			"conditions": [
				{
					"condition": "minecraft:random_chance",
					"chance": 0.2
				}
				]
			}
			],
			"conditions": [
			{
				"condition": "minecraft:random_chance",
				"chance": 0.2
			}
			]
		},
		{
			"type": "minecraft:item",
			"name": "magistuarmory:face_helmet",
			"functions": [
			{
				"function": "minecraft:enchant_with_levels",
				"levels": {
					"min": 15,
					"max": 30
				},
			"conditions": [
				{
					"condition": "minecraft:random_chance",
					"chance": 0.2
				}
				]
			}
			],
			"conditions": [
			{
				"condition": "minecraft:random_chance",
				"chance": 0.2
			}
			]
		}
		]
	}
	]
}
