{
	"type": "guardvillagers:slot",
	"pools": [
	{
	"rolls": 1,
	"entries": [
        {
			 "type": "minecraft:empty"
        },
        {
			 "type": "minecraft:item",
			 "name": "minecraft:leather_chestplate",
			 "functions": [
			   {
			     "function": "minecraft:enchant_with_levels",
			     "levels": {
			       "min": 15,
			       "max": 30
			     },
			     "conditions": [
			       {
						"condition": "minecraft:random_chance",
						"chance": 0.2
			       }
			     ]
			   }
			 ],
			 "conditions": [
			   {
			     "condition": "minecraft:random_chance",
			     "chance": 0.48
			   }
			 ]
        },
        {
			 "type": "minecraft:item",
			 "name": "minecraft:golden_chestplate",
			 "functions": [
			   {
			     "function": "minecraft:enchant_with_levels",
			     "levels": {
			       "min": 15,
			       "max": 30
			     },
			     "conditions": [
			       {
						"condition": "minecraft:random_chance",
						"chance": 0.2
			       }
			     ]
			   }
			 ],
			 "conditions": [
			   {
			     "condition": "minecraft:random_chance",
			     "chance": 0.36
			   }
			 ]
        },
        {
			 "type": "minecraft:item",
			 "name": "minecraft:chainmail_chestplate",
			 "functions": [
			   {
			     "function": "minecraft:enchant_with_levels",
			     "levels": {
			       "min": 15,
			       "max": 30
			     },
			     "conditions": [
			       {
						"condition": "minecraft:random_chance",
						"chance": 0.2
			       }
			     ]
			   }
			 ],
			 "conditions": [
			   {
			     "condition": "minecraft:random_chance",
			     "chance": 0.3
			   }
			 ]
        },
        {
			 "type": "minecraft:item",
			 "name": "minecraft:iron_chestplate",
			 "functions": [
			   {
			     "function": "minecraft:enchant_with_levels",
			     "levels": {
			       "min": 15,
			       "max": 30
			     },
			     "conditions": [
			       {
						"condition": "minecraft:random_chance",
						"chance": 0.2
			       }
			     ]
			   }
			 ],
			 "conditions": [
			   {
			     "condition": "minecraft:random_chance",
			     "chance": 0.2
			   }
			 ]
        },
        {
			 "type": "minecraft:item",
			 "name": "minecraft:diamond_chestplate",
			 "conditions": [
			   {
			     "condition": "minecraft:random_chance",
			     "chance": 0.05
			   }
			 ]
        },
		{
			"type": "minecraft:item",
			"name": "magistuarmory:cuirassier_chestplate",
			"functions": [
			{
				"function": "minecraft:enchant_with_levels",
				"levels": {
					"min": 15,
					"max": 30
				},
			"conditions": [
				{
					"condition": "minecraft:random_chance",
					"chance": 0.2
				}
				]
			}
			],
			"conditions": [
			{
				"condition": "minecraft:random_chance",
				"chance": 0.2
			}
			]
		},
		{
			"type": "minecraft:item",
			"name": "magistuarmory:brigandine_chestplate",
			"functions": [
			{
				"function": "minecraft:enchant_with_levels",
				"levels": {
					"min": 15,
					"max": 30
				},
			"conditions": [
				{
					"condition": "minecraft:random_chance",
					"chance": 0.2
				}
				]
			}
			],
			"conditions": [
			{
				"condition": "minecraft:random_chance",
				"chance": 0.2
			}
			]
		},
		{
			"type": "minecraft:item",
			"name": "magistuarmory:gambeson_chestplate",
			"functions": [
			{
				"function": "minecraft:enchant_with_levels",
				"levels": {
					"min": 15,
					"max": 30
				},
			"conditions": [
				{
					"condition": "minecraft:random_chance",
					"chance": 0.2
				}
				]
			}
			],
			"conditions": [
			{
				"condition": "minecraft:random_chance",
				"chance": 0.2
			}
			]
		},
		{
			"type": "minecraft:item",
			"name": "magistuarmory:knight_chestplate",
			"functions": [
			{
				"function": "minecraft:enchant_with_levels",
				"levels": {
					"min": 15,
					"max": 30
				},
			"conditions": [
				{
					"condition": "minecraft:random_chance",
					"chance": 0.2
				}
				]
			}
			],
			"conditions": [
			{
				"condition": "minecraft:random_chance",
				"chance": 0.2
			}
			]
		},
		{
			"type": "minecraft:item",
			"name": "magistuarmory:jousting_chestplate",
			"functions": [
			{
				"function": "minecraft:enchant_with_levels",
				"levels": {
					"min": 15,
					"max": 30
				},
			"conditions": [
				{
					"condition": "minecraft:random_chance",
					"chance": 0.2
				}
				]
			}
			],
			"conditions": [
			{
				"condition": "minecraft:random_chance",
				"chance": 0.2
			}
			]
		},
		{
			"type": "minecraft:item",
			"name": "magistuarmory:gothic_chestplate",
			"functions": [
			{
				"function": "minecraft:enchant_with_levels",
				"levels": {
					"min": 15,
					"max": 30
				},
			"conditions": [
				{
					"condition": "minecraft:random_chance",
					"chance": 0.2
				}
				]
			}
			],
			"conditions": [
			{
				"condition": "minecraft:random_chance",
				"chance": 0.2
			}
			]
		},
		{
			"type": "minecraft:item",
			"name": "magistuarmory:maximilian_chestplate",
			"functions": [
			{
				"function": "minecraft:enchant_with_levels",
				"levels": {
					"min": 15,
					"max": 30
				},
			"conditions": [
				{
					"condition": "minecraft:random_chance",
					"chance": 0.2
				}
				]
			}
			],
			"conditions": [
			{
				"condition": "minecraft:random_chance",
				"chance": 0.2
			}
			]
		},
		{
			"type": "minecraft:item",
			"name": "magistuarmory:chainmail_chestplate",
			"functions": [
			{
				"function": "minecraft:enchant_with_levels",
				"levels": {
					"min": 15,
					"max": 30
				},
			"conditions": [
				{
					"condition": "minecraft:random_chance",
					"chance": 0.2
				}
				]
			}
			],
			"conditions": [
			{
				"condition": "minecraft:random_chance",
				"chance": 0.2
			}
			]
		},
		{
			"type": "minecraft:item",
			"name": "magistuarmory:platemail_chestplate",
			"functions": [
			{
				"function": "minecraft:enchant_with_levels",
				"levels": {
					"min": 15,
					"max": 30
				},
			"conditions": [
				{
					"condition": "minecraft:random_chance",
					"chance": 0.2
				}
				]
			}
			],
			"conditions": [
			{
				"condition": "minecraft:random_chance",
				"chance": 0.2
			}
			]
		},
		{
			"type": "minecraft:item",
			"name": "magistuarmory:halfarmor_chestplate",
			"functions": [
			{
				"function": "minecraft:enchant_with_levels",
				"levels": {
					"min": 15,
					"max": 30
				},
			"conditions": [
				{
					"condition": "minecraft:random_chance",
					"chance": 0.2
				}
				]
			}
			],
			"conditions": [
			{
				"condition": "minecraft:random_chance",
				"chance": 0.2
			}
			]
		},
		{
			"type": "minecraft:item",
			"name": "magistuarmory:crusader_chestplate",
			"functions": [
			{
				"function": "minecraft:enchant_with_levels",
				"levels": {
					"min": 15,
					"max": 30
				},
			"conditions": [
				{
					"condition": "minecraft:random_chance",
					"chance": 0.2
				}
				]
			}
			],
			"conditions": [
			{
				"condition": "minecraft:random_chance",
				"chance": 0.2
			}
			]
		},
		{
			"type": "minecraft:item",
			"name": "magistuarmory:ceremonial_chestplate",
			"functions": [
			{
				"function": "minecraft:enchant_with_levels",
				"levels": {
					"min": 15,
					"max": 30
				},
			"conditions": [
				{
					"condition": "minecraft:random_chance",
					"chance": 0.2
				}
				]
			}
			],
			"conditions": [
			{
				"condition": "minecraft:random_chance",
				"chance": 0.2
			}
			]
		},
		{
			"type": "minecraft:item",
			"name": "magistuarmory:rustedhalfarmor_chestplate",
			"functions": [
			{
				"function": "minecraft:enchant_with_levels",
				"levels": {
					"min": 15,
					"max": 30
				},
			"conditions": [
				{
					"condition": "minecraft:random_chance",
					"chance": 0.2
				}
				]
			}
			],
			"conditions": [
			{
				"condition": "minecraft:random_chance",
				"chance": 0.2
			}
			]
		},
		{
			"type": "minecraft:item",
			"name": "magistuarmory:rustedcrusader_chestplate",
			"functions": [
			{
				"function": "minecraft:enchant_with_levels",
				"levels": {
					"min": 15,
					"max": 30
				},
			"conditions": [
				{
					"condition": "minecraft:random_chance",
					"chance": 0.2
				}
				]
			}
			],
			"conditions": [
			{
				"condition": "minecraft:random_chance",
				"chance": 0.2
			}
			]
		},
		{
			"type": "minecraft:item",
			"name": "magistuarmory:rustedchainmail_chestplate",
			"functions": [
			{
				"function": "minecraft:enchant_with_levels",
				"levels": {
					"min": 15,
					"max": 30
				},
			"conditions": [
				{
					"condition": "minecraft:random_chance",
					"chance": 0.2
				}
				]
			}
			],
			"conditions": [
			{
				"condition": "minecraft:random_chance",
				"chance": 0.2
			}
			]
		},
		{
			"type": "minecraft:item",
			"name": "magistuarmory:xivcenturyknight_chestplate",
			"functions": [
			{
				"function": "minecraft:enchant_with_levels",
				"levels": {
					"min": 15,
					"max": 30
				},
			"conditions": [
				{
					"condition": "minecraft:random_chance",
					"chance": 0.2
				}
				]
			}
			],
			"conditions": [
			{
				"condition": "minecraft:random_chance",
				"chance": 0.2
			}
			]
		},
		{
			"type": "minecraft:item",
			"name": "magistuarmory:wingedhussar_chestplate",
			"functions": [
			{
				"function": "minecraft:enchant_with_levels",
				"levels": {
					"min": 15,
					"max": 30
				},
			"conditions": [
				{
					"condition": "minecraft:random_chance",
					"chance": 0.2
				}
				]
			}
			],
			"conditions": [
			{
				"condition": "minecraft:random_chance",
				"chance": 0.2
			}
			]
		},
		{
			"type": "minecraft:item",
			"name": "magistuarmory:kastenbrust_chestplate",
			"functions": [
			{
				"function": "minecraft:enchant_with_levels",
				"levels": {
					"min": 15,
					"max": 30
				},
			"conditions": [
				{
					"condition": "minecraft:random_chance",
					"chance": 0.2
				}
				]
			}
			],
			"conditions": [
			{
				"condition": "minecraft:random_chance",
				"chance": 0.2
			}
			]
		},
		{
			"type": "minecraft:item",
			"name": "magistuarmory:lamellar_chestplate",
			"functions": [
			{
				"function": "minecraft:enchant_with_levels",
				"levels": {
					"min": 15,
					"max": 30
				},
			"conditions": [
				{
					"condition": "minecraft:random_chance",
					"chance": 0.2
				}
				]
			}
			],
			"conditions": [
			{
				"condition": "minecraft:random_chance",
				"chance": 0.2
			}
			]
		}
		]
	}
	]
}
