{
	"type": "guardvillagers:slot",
	"pools": [
	{
		"rolls": 1,
		"entries": [
        {
			 "type": "minecraft:empty"
        },
        {
			 "type": "minecraft:item",
			 "name": "minecraft:leather_boots",
			 "functions": [
			   {
			     "function": "minecraft:enchant_with_levels",
			     "levels": {
			       "min": 15,
			       "max": 30
			     },
			     "conditions": [
			       {
						"condition": "minecraft:random_chance",
						"chance": 0.2
			       }
			     ]
			   }
			 ],
			 "conditions": [
			   {
			     "condition": "minecraft:random_chance",
			     "chance": 0.48
			   }
			 ]
        },
        {
			 "type": "minecraft:item",
			 "name": "minecraft:golden_boots",
			 "functions": [
			   {
			     "function": "minecraft:enchant_with_levels",
			     "levels": {
			       "min": 15,
			       "max": 30
			     },
			     "conditions": [
			       {
						"condition": "minecraft:random_chance",
						"chance": 0.2
			       }
			     ]
			   }
			 ],
			 "conditions": [
			   {
			     "condition": "minecraft:random_chance",
			     "chance": 0.36
			   }
			 ]
        },
        {
			 "type": "minecraft:item",
			 "name": "minecraft:chainmail_boots",
			 "functions": [
			   {
			     "function": "minecraft:enchant_with_levels",
			     "levels": {
			       "min": 15,
			       "max": 30
			     },
			     "conditions": [
			       {
						"condition": "minecraft:random_chance",
						"chance": 0.2
			       }
			     ]
			   }
			 ],
			 "conditions": [
			   {
			     "condition": "minecraft:random_chance",
			     "chance": 0.3
			   }
			 ]
        },
        {
			 "type": "minecraft:item",
			 "name": "minecraft:iron_boots",
			 "functions": [
			   {
			     "function": "minecraft:enchant_with_levels",
			     "levels": {
			       "min": 15,
			       "max": 30
			     },
			     "conditions": [
			       {
						"condition": "minecraft:random_chance",
						"chance": 0.2
			       }
			     ]
			   }
			 ],
			 "conditions": [
			   {
			     "condition": "minecraft:random_chance",
			     "chance": 0.2
			   }
			 ]
        },
        {
			 "type": "minecraft:item",
			 "name": "minecraft:diamond_boots",
			 "conditions": [
			   {
			     "condition": "minecraft:random_chance",
			     "chance": 0.05
				}
			]
		},
		{
			"type": "minecraft:item",
			"name": "magistuarmory:knight_boots",
			"functions": [
			{
				"function": "minecraft:enchant_with_levels",
				"levels": {
					"min": 15,
					"max": 30
				},
			"conditions": [
				{
					"condition": "minecraft:random_chance",
					"chance": 0.2
				}
				]
			}
			],
			"conditions": [
			{
				"condition": "minecraft:random_chance",
				"chance": 0.2
			}
			]
		},
		{
			"type": "minecraft:item",
			"name": "magistuarmory:jousting_boots",
			"functions": [
			{
				"function": "minecraft:enchant_with_levels",
				"levels": {
					"min": 15,
					"max": 30
				},
			"conditions": [
				{
					"condition": "minecraft:random_chance",
					"chance": 0.2
				}
				]
			}
			],
			"conditions": [
			{
				"condition": "minecraft:random_chance",
				"chance": 0.2
			}
			]
		},
		{
			"type": "minecraft:item",
			"name": "magistuarmory:gothic_boots",
			"functions": [
			{
				"function": "minecraft:enchant_with_levels",
				"levels": {
					"min": 15,
					"max": 30
				},
			"conditions": [
				{
					"condition": "minecraft:random_chance",
					"chance": 0.2
				}
				]
			}
			],
			"conditions": [
			{
				"condition": "minecraft:random_chance",
				"chance": 0.2
			}
			]
		},
		{
			"type": "minecraft:item",
			"name": "magistuarmory:maximilian_boots",
			"functions": [
			{
				"function": "minecraft:enchant_with_levels",
				"levels": {
					"min": 15,
					"max": 30
				},
			"conditions": [
				{
					"condition": "minecraft:random_chance",
					"chance": 0.2
				}
				]
			}
			],
			"conditions": [
			{
				"condition": "minecraft:random_chance",
				"chance": 0.2
			}
			]
		},
		{
			"type": "minecraft:item",
			"name": "magistuarmory:chainmail_boots",
			"functions": [
			{
				"function": "minecraft:enchant_with_levels",
				"levels": {
					"min": 15,
					"max": 30
				},
			"conditions": [
				{
					"condition": "minecraft:random_chance",
					"chance": 0.2
				}
				]
			}
			],
			"conditions": [
			{
				"condition": "minecraft:random_chance",
				"chance": 0.2
			}
			]
		},
		{
			"type": "minecraft:item",
			"name": "magistuarmory:platemail_boots",
			"functions": [
			{
				"function": "minecraft:enchant_with_levels",
				"levels": {
					"min": 15,
					"max": 30
				},
			"conditions": [
				{
					"condition": "minecraft:random_chance",
					"chance": 0.2
				}
				]
			}
			],
			"conditions": [
			{
				"condition": "minecraft:random_chance",
				"chance": 0.2
			}
			]
		},
		{
			"type": "minecraft:item",
			"name": "magistuarmory:crusader_boots",
			"functions": [
			{
				"function": "minecraft:enchant_with_levels",
				"levels": {
					"min": 15,
					"max": 30
				},
			"conditions": [
				{
					"condition": "minecraft:random_chance",
					"chance": 0.2
				}
				]
			}
			],
			"conditions": [
			{
				"condition": "minecraft:random_chance",
				"chance": 0.2
			}
			]
		},
		{
			"type": "minecraft:item",
			"name": "magistuarmory:ceremonial_boots",
			"functions": [
			{
				"function": "minecraft:enchant_with_levels",
				"levels": {
					"min": 15,
					"max": 30
				},
			"conditions": [
				{
					"condition": "minecraft:random_chance",
					"chance": 0.2
				}
				]
			}
			],
			"conditions": [
			{
				"condition": "minecraft:random_chance",
				"chance": 0.2
			}
			]
		},
		{
			"type": "minecraft:item",
			"name": "magistuarmory:gambeson_boots",
			"functions": [
			{
				"function": "minecraft:enchant_with_levels",
				"levels": {
					"min": 15,
					"max": 30
				},
			"conditions": [
				{
					"condition": "minecraft:random_chance",
					"chance": 0.2
				}
				]
			}
			],
			"conditions": [
			{
				"condition": "minecraft:random_chance",
				"chance": 0.2
			}
			]
		},
		{
			"type": "minecraft:item",
			"name": "magistuarmory:rustedcrusader_boots",
			"functions": [
			{
				"function": "minecraft:enchant_with_levels",
				"levels": {
					"min": 15,
					"max": 30
				},
			"conditions": [
				{
					"condition": "minecraft:random_chance",
					"chance": 0.2
				}
				]
			}
			],
			"conditions": [
			{
				"condition": "minecraft:random_chance",
				"chance": 0.2
			}
			]
		},
		{
			"type": "minecraft:item",
			"name": "magistuarmory:rustedchainmail_boots",
			"functions": [
			{
				"function": "minecraft:enchant_with_levels",
				"levels": {
					"min": 15,
					"max": 30
				},
			"conditions": [
				{
					"condition": "minecraft:random_chance",
					"chance": 0.2
				}
				]
			}
			],
			"conditions": [
			{
				"condition": "minecraft:random_chance",
				"chance": 0.2
			}
			]
		},
		{
			"type": "minecraft:item",
			"name": "magistuarmory:xivcenturyknight_boots",
			"functions": [
			{
				"function": "minecraft:enchant_with_levels",
				"levels": {
					"min": 15,
					"max": 30
				},
			"conditions": [
				{
					"condition": "minecraft:random_chance",
					"chance": 0.2
				}
				]
			}
			],
			"conditions": [
			{
				"condition": "minecraft:random_chance",
				"chance": 0.2
			}
			]
		},
		{
			"type": "minecraft:item",
			"name": "magistuarmory:cuirassier_boots",
			"functions": [
			{
				"function": "minecraft:enchant_with_levels",
				"levels": {
					"min": 15,
					"max": 30
				},
			"conditions": [
				{
					"condition": "minecraft:random_chance",
					"chance": 0.2
				}
				]
			}
			],
			"conditions": [
			{
				"condition": "minecraft:random_chance",
				"chance": 0.2
			}
			]
		},
		{
			"type": "minecraft:item",
			"name": "magistuarmory:kastenbrust_boots",
			"functions": [
			{
				"function": "minecraft:enchant_with_levels",
				"levels": {
					"min": 15,
					"max": 30
				},
			"conditions": [
				{
					"condition": "minecraft:random_chance",
					"chance": 0.2
				}
				]
			}
			],
			"conditions": [
			{
				"condition": "minecraft:random_chance",
				"chance": 0.2
			}
			]
		},
		{
			"type": "minecraft:item",
			"name": "magistuarmory:lamellar_boots",
			"functions": [
			{
				"function": "minecraft:enchant_with_levels",
				"levels": {
					"min": 15,
					"max": 30
				},
			"conditions": [
				{
					"condition": "minecraft:random_chance",
					"chance": 0.2
				}
				]
			}
			],
			"conditions": [
			{
				"condition": "minecraft:random_chance",
				"chance": 0.2
			}
			]
		}
		]
	}
	]
}
