{
	"pools": [
		{
		"rolls": 1,
		"entries": [
			{
			"type": "minecraft:item",
			"weight": 8,
			"name": "minecraft:shield"
			},
			{
			"type": "minecraft:item",
			"weight": 8,
			"name": "magistuarmory:iron_heatershield"
			},
			{
			"type": "minecraft:item",
			"weight": 8,
			"name": "magistuarmory:gold_heatershield"
			},
			{
			"type": "minecraft:item",
			"weight": 8,
			"name": "magistuarmory:silver_heatershield"
			},
			{
			"type": "minecraft:item",
			"weight": 8,
			"name": "magistuarmory:copper_heatershield"
			},
			{
			"type": "minecraft:item",
			"weight": 8,
			"name": "magistuarmory:steel_heatershield"
			},
			{
			"type": "minecraft:item",
			"weight": 8,
			"name": "magistuarmory:tin_heatershield"
			},
			{
			"type": "minecraft:item",
			"weight": 8,
			"name": "magistuarmory:bronze_heatershield"
			},
			{
			"type": "minecraft:item",
			"weight": 8,
			"name": "magistuarmory:iron_rondache"
			},
			{
			"type": "minecraft:item",
			"weight": 8,
			"name": "magistuarmory:gold_rondache"
			},
			{
			"type": "minecraft:item",
			"weight": 8,
			"name": "magistuarmory:silver_rondache"
			},
			{
			"type": "minecraft:item",
			"weight": 8,
			"name": "magistuarmory:copper_rondache"
			},
			{
			"type": "minecraft:item",
			"weight": 8,
			"name": "magistuarmory:steel_rondache"
			},
			{
			"type": "minecraft:item",
			"weight": 8,
			"name": "magistuarmory:tin_rondache"
			},
			{
			"type": "minecraft:item",
			"weight": 8,
			"name": "magistuarmory:bronze_rondache"
			},
			{
			"type": "minecraft:item",
			"weight": 8,
			"name": "magistuarmory:iron_roundshield"
			},
			{
			"type": "minecraft:item",
			"weight": 8,
			"name": "magistuarmory:gold_roundshield"
			},
			{
			"type": "minecraft:item",
			"weight": 8,
			"name": "magistuarmory:silver_roundshield"
			},
			{
			"type": "minecraft:item",
			"weight": 8,
			"name": "magistuarmory:copper_roundshield"
			},
			{
			"type": "minecraft:item",
			"weight": 8,
			"name": "magistuarmory:steel_roundshield"
			},
			{
			"type": "minecraft:item",
			"weight": 8,
			"name": "magistuarmory:tin_roundshield"
			},
			{
			"type": "minecraft:item",
			"weight": 8,
			"name": "magistuarmory:bronze_roundshield"
			},
			{
			"type": "minecraft:item",
			"weight": 8,
			"name": "magistuarmory:iron_target"
			},
			{
			"type": "minecraft:item",
			"weight": 8,
			"name": "magistuarmory:gold_target"
			},
			{
			"type": "minecraft:item",
			"weight": 8,
			"name": "magistuarmory:silver_target"
			},
			{
			"type": "minecraft:item",
			"weight": 8,
			"name": "magistuarmory:copper_target"
			},
			{
			"type": "minecraft:item",
			"weight": 8,
			"name": "magistuarmory:steel_target"
			},
			{
			"type": "minecraft:item",
			"weight": 8,
			"name": "magistuarmory:tin_target"
			},
			{
			"type": "minecraft:item",
			"weight": 8,
			"name": "magistuarmory:bronze_target"
			},
			{
			"type": "minecraft:item",
			"weight": 8,
			"name": "magistuarmory:iron_buckler"
			},
			{
			"type": "minecraft:item",
			"weight": 8,
			"name": "magistuarmory:gold_buckler"
			},
			{
			"type": "minecraft:item",
			"weight": 8,
			"name": "magistuarmory:silver_buckler"
			},
			{
			"type": "minecraft:item",
			"weight": 8,
			"name": "magistuarmory:copper_buckler"
			},
			{
			"type": "minecraft:item",
			"weight": 8,
			"name": "magistuarmory:steel_buckler"
			},
			{
			"type": "minecraft:item",
			"weight": 8,
			"name": "magistuarmory:tin_buckler"
			},
			{
			"type": "minecraft:item",
			"weight": 8,
			"name": "magistuarmory:bronze_buckler"
			},
			{
			"type": "minecraft:item",
			"weight": 8,
			"name": "magistuarmory:iron_tartsche"
			},
			{
			"type": "minecraft:item",
			"weight": 8,
			"name": "magistuarmory:gold_tartsche"
			},
			{
			"type": "minecraft:item",
			"weight": 8,
			"name": "magistuarmory:silver_tartsche"
			},
			{
			"type": "minecraft:item",
			"weight": 8,
			"name": "magistuarmory:copper_tartsche"
			},
			{
			"type": "minecraft:item",
			"weight": 8,
			"name": "magistuarmory:steel_tartsche"
			},
			{
			"type": "minecraft:item",
			"weight": 8,
			"name": "magistuarmory:tin_tartsche"
			},
			{
			"type": "minecraft:item",
			"weight": 8,
			"name": "magistuarmory:bronze_tartsche"
			},
			{
			"type": "minecraft:item",
			"weight": 8,
			"name": "magistuarmory:iron_pavese"
			},
			{
			"type": "minecraft:item",
			"weight": 8,
			"name": "magistuarmory:gold_pavese"
			},
			{
			"type": "minecraft:item",
			"weight": 8,
			"name": "magistuarmory:silver_pavese"
			},
			{
			"type": "minecraft:item",
			"weight": 8,
			"name": "magistuarmory:copper_pavese"
			},
			{
			"type": "minecraft:item",
			"weight": 8,
			"name": "magistuarmory:steel_pavese"
			},
			{
			"type": "minecraft:item",
			"weight": 8,
			"name": "magistuarmory:tin_pavese"
			},
			{
			"type": "minecraft:item",
			"weight": 8,
			"name": "magistuarmory:bronze_pavese"
			},
			{
			"type": "minecraft:item",
			"weight": 8,
			"name": "magistuarmory:iron_ellipticalshield"
			},
			{
			"type": "minecraft:item",
			"weight": 8,
			"name": "magistuarmory:gold_ellipticalshield"
			},
			{
			"type": "minecraft:item",
			"weight": 8,
			"name": "magistuarmory:silver_ellipticalshield"
			},
			{
			"type": "minecraft:item",
			"weight": 8,
			"name": "magistuarmory:copper_ellipticalshield"
			},
			{
			"type": "minecraft:item",
			"weight": 8,
			"name": "magistuarmory:steel_ellipticalshield"
			},
			{
			"type": "minecraft:item",
			"weight": 8,
			"name": "magistuarmory:tin_ellipticalshield"
			},
			{
			"type": "minecraft:item",
			"weight": 8,
			"name": "magistuarmory:bronze_ellipticalshield"
			},
			{
			"type": "minecraft:item",
			"weight": 8,
			"name": "magistuarmory:iron_kiteshield"
			},
			{
			"type": "minecraft:item",
			"weight": 8,
			"name": "magistuarmory:gold_kiteshield"
			},
			{
			"type": "minecraft:item",
			"weight": 8,
			"name": "magistuarmory:silver_kiteshield"
			},
			{
			"type": "minecraft:item",
			"weight": 8,
			"name": "magistuarmory:copper_kiteshield"
			},
			{
			"type": "minecraft:item",
			"weight": 8,
			"name": "magistuarmory:steel_kiteshield"
			},
			{
			"type": "minecraft:item",
			"weight": 8,
			"name": "magistuarmory:tin_kiteshield"
			},
			{
			"type": "minecraft:item",
			"weight": 8,
			"name": "magistuarmory:bronze_kiteshield"
			}
		]
		}
	]
}
