{
    "_description_": "战利品表，pools里每个{}是战利品池，这里有四个战利品池，触发时，每个池都尝试掉落战利品，战利品表可以参考这个网站<https://misode.github.io/loot-table/>",
    "pools": [
        {
            "name": "tier#1",
            "_description_": "战利品池，rolls是这个池会抽几次，这个池子触发时会从entries战利品数组抽取战利品，每个{}是一个战利品，这里有1个",
            "rolls": 1,
            "entries": [
                {
                    "_description_": "战利品，type是其类型，这里是item，name是战利品物品id，weight是这个战利品在这个池子里有多大的权重被抽到，conditions是掉落的条件(谓词)是可有可没有的，只有符合条件才会掉落，functions是<物品修饰器>掉落时对物品做出操作，也是是可有可没有的",
                    "type": "item",
                    "name": "minecraft:book",
                    "weight": 1,
                    "conditions": [
                        {
                            "_description_": "这里是一个条件，condition是条件的类型，这里是冠军提供的类型，entity是战利品表上下文实体，这两个都不用考虑动；minTier与maxTier是定义这个类型的条件要通过的话需要的冠军等级，不能小于minTier，不能大于maxTier，如果其中一个省略就只需要判断其中一个，如果两个都省略，则只要是冠军生物就掉落",
                            "condition": "champions:entity_champion",
                            "entity": "this",
                            "minTier": 1,
                            "maxTier": 1
                        },
                        {
                            "_description_": "由Minecraft原版提供的条件类型，被玩家杀死，事实上只要玩家参与了攻击，实体死亡时这个条件就通过",
                            "condition": "killed_by_player"
                        }
                    ],
                    "functions": [
                        {
                            "function": "enchant_randomly"
                        }
                    ]
                }
            ]
        },
        {
            "name": "tier#2",
            "rolls": 1,
            "entries": [
                {
                    "type": "item",
                    "name": "minecraft:book",
                    "weight": 1,
                    "conditions": [
                        {
                            "condition": "champions:entity_champion",
                            "entity": "this",
                            "minTier": 2,
                            "maxTier": 2
                        },
                        {
                            "condition": "killed_by_player"
                        }
                    ],
                    "functions": [
                        {
                            "function": "enchant_randomly"
                        }
                    ]
                }
            ]
        },
        {
            "name": "tier#3",
            "rolls": 1,
            "entries": [
                {
                    "type": "item",
                    "name": "minecraft:book",
                    "weight": 1,
                    "conditions": [
                        {
                            "condition": "champions:entity_champion",
                            "entity": "this",
                            "minTier": 3,
                            "maxTier": 3
                        },
                        {
                            "condition": "killed_by_player"
                        }
                    ],
                    "functions": [
                        {
                            "function": "enchant_randomly"
                        }
                    ]
                }
            ]
        },
        {
            "name": "tier#4",
            "rolls": 1,
            "entries": [
                {
                    "type": "item",
                    "name": "minecraft:book",
                    "weight": 1,
                    "conditions": [
                        {
                            "condition": "champions:entity_champion",
                            "entity": "this",
                            "minTier": 4,
                            "maxTier": 4
                        },
                        {
                            "condition": "killed_by_player"
                        }
                    ],
                    "functions": [
                        {
                            "function": "enchant_randomly"
                        }
                    ]
                }
            ]
        }
    ]
}